{"camera_matrix": [[1090.4723487449137, 0.0, 538.497858938418], [0.0, 1095.7291511039791, 705.9200266558694], [0.0, 0.0, 1.0]], "distortion": [[0.26543489119756164, -1.3115246161898289, -0.00036228781185560833, 0.00031365835263767055, 1.9909476018557277]]}
